{
  "bert-base-uncased": {
    "accuracy": 0.8999462076385153,
    "precision_macro": 0.7453529175362156,
    "recall_macro": 0.7413952984280844,
    "f1_macro": 0.7433325650656829,
    "precision_weighted": 0.8999959724220414,
    "recall_weighted": 0.8999462076385153,
    "f1_weighted": 0.8999486696044879,
    "f1_hate_speech": 0.4186046511627907,
    "precision_hate_speech": 0.4166666666666667,
    "recall_hate_speech": 0.4205607476635514,
    "f1_offensive_language": 0.9424610051993068,
    "precision_offensive_language": 0.9405050155655482,
    "recall_offensive_language": 0.9444251476207016,
    "f1_neither": 0.8689320388349514,
    "precision_neither": 0.8788870703764321,
    "recall_neither": 0.8592,
    "roc_auc_macro": 0.9196700584760548,
    "roc_auc_weighted": 0.9386655049028026,
    "pr_auc_macro": 0.7441102750932188,
    "model_key": "bert-base-uncased",
    "short_name": "BERT-Base"
  },
  "GroNLP/hateBERT": {
    "accuracy": 0.9018289402904788,
    "precision_macro": 0.7430162848894204,
    "recall_macro": 0.737730180196265,
    "f1_macro": 0.7403381008613127,
    "precision_weighted": 0.90151725710962,
    "recall_weighted": 0.9018289402904788,
    "f1_weighted": 0.9016522563195918,
    "f1_hate_speech": 0.39344262295081966,
    "precision_hate_speech": 0.39436619718309857,
    "recall_hate_speech": 0.3925233644859813,
    "f1_offensive_language": 0.9431739431739432,
    "precision_offensive_language": 0.9408918078119599,
    "recall_offensive_language": 0.9454671761028135,
    "f1_neither": 0.8843977364591754,
    "precision_neither": 0.8937908496732027,
    "recall_neither": 0.8752,
    "roc_auc_macro": 0.935438142384834,
    "roc_auc_weighted": 0.9518597298164635,
    "pr_auc_macro": 0.7707977423742433,
    "model_key": "GroNLP/hateBERT",
    "short_name": "HateBERT"
  },
  "roberta-base": {
    "accuracy": 0.8851533082302313,
    "precision_macro": 0.7141561850937244,
    "recall_macro": 0.7567726099080353,
    "f1_macro": 0.7320284726002545,
    "precision_weighted": 0.898731800814323,
    "recall_weighted": 0.8851533082302313,
    "f1_weighted": 0.8910599954557671,
    "f1_hate_speech": 0.391304347826087,
    "precision_hate_speech": 0.339041095890411,
    "recall_hate_speech": 0.46261682242990654,
    "f1_offensive_language": 0.9322243850645904,
    "precision_offensive_language": 0.9502164502164502,
    "recall_offensive_language": 0.9149010072941993,
    "f1_neither": 0.872556684910086,
    "precision_neither": 0.8532110091743119,
    "recall_neither": 0.8928,
    "roc_auc_macro": 0.9249829201924463,
    "roc_auc_weighted": 0.9443446879766197,
    "pr_auc_macro": 0.7493213861872348,
    "model_key": "roberta-base",
    "short_name": "RoBERTa-Base"
  }
}