{
  "bert-base-uncased": {
    "accuracy": 0.8948359332974718,
    "precision_macro": 0.7309128547763283,
    "recall_macro": 0.7712620421377707,
    "f1_macro": 0.7483618071879024,
    "precision_weighted": 0.9056138533569092,
    "recall_weighted": 0.8948359332974718,
    "f1_weighted": 0.8995332471917169,
    "f1_hate_speech": 0.4259634888438134,
    "precision_hate_speech": 0.3763440860215054,
    "recall_hate_speech": 0.49065420560747663,
    "f1_offensive_language": 0.9389339922343806,
    "precision_offensive_language": 0.9544312881234303,
    "recall_offensive_language": 0.9239319208058353,
    "f1_neither": 0.880187940485513,
    "precision_neither": 0.8619631901840491,
    "recall_neither": 0.8992,
    "roc_auc_macro": 0.9260537258025575,
    "roc_auc_weighted": 0.9454914616047497,
    "pr_auc_macro": 0.7601081260687939,
    "model_key": "bert-base-uncased",
    "short_name": "BERT-Base"
  },
  "GroNLP/hateBERT": {
    "accuracy": 0.8953738569123184,
    "precision_macro": 0.7363753954747713,
    "recall_macro": 0.772250381157355,
    "f1_macro": 0.7511792035322628,
    "precision_weighted": 0.9064948592110059,
    "recall_weighted": 0.8953738569123184,
    "f1_weighted": 0.9002753714866819,
    "f1_hate_speech": 0.436,
    "precision_hate_speech": 0.3811188811188811,
    "recall_hate_speech": 0.5093457943925234,
    "f1_offensive_language": 0.939644553932782,
    "precision_offensive_language": 0.9522111269614836,
    "recall_offensive_language": 0.9274053490795415,
    "f1_neither": 0.8778930566640064,
    "precision_neither": 0.8757961783439491,
    "recall_neither": 0.88,
    "roc_auc_macro": 0.9401892263477766,
    "roc_auc_weighted": 0.9537892981237895,
    "pr_auc_macro": 0.7738019371536295,
    "model_key": "GroNLP/hateBERT",
    "short_name": "HateBERT"
  },
  "roberta-base": {
    "accuracy": 0.893491124260355,
    "precision_macro": 0.7289303697552221,
    "recall_macro": 0.7909473854607271,
    "f1_macro": 0.7546385736628012,
    "precision_weighted": 0.9092607322374844,
    "recall_weighted": 0.893491124260355,
    "f1_weighted": 0.8998198569768877,
    "f1_hate_speech": 0.4448742746615087,
    "precision_hate_speech": 0.3795379537953795,
    "recall_hate_speech": 0.5373831775700935,
    "f1_offensive_language": 0.9376336421952958,
    "precision_offensive_language": 0.9626783754116356,
    "recall_offensive_language": 0.9138589788120876,
    "f1_neither": 0.881407804131599,
    "precision_neither": 0.844574780058651,
    "recall_neither": 0.9216,
    "roc_auc_macro": 0.9325157661728275,
    "roc_auc_weighted": 0.9515711291037084,
    "pr_auc_macro": 0.774423042356529,
    "model_key": "roberta-base",
    "short_name": "RoBERTa-Base"
  }
}