{
  "bert-base-uncased": {
    "accuracy": 0.8948359332974718,
    "precision_macro": 0.7305383730388435,
    "recall_macro": 0.7563476475368415,
    "f1_macro": 0.7415066475418387,
    "precision_weighted": 0.9037753800001228,
    "recall_weighted": 0.8948359332974718,
    "f1_weighted": 0.898906215491183,
    "f1_hate_speech": 0.40824742268041236,
    "precision_hate_speech": 0.36531365313653136,
    "recall_hate_speech": 0.46261682242990654,
    "f1_offensive_language": 0.9403717993686426,
    "precision_offensive_language": 0.9496989018774353,
    "recall_offensive_language": 0.9312261201806182,
    "f1_neither": 0.8759007205764612,
    "precision_neither": 0.8766025641025641,
    "recall_neither": 0.8752,
    "roc_auc_macro": 0.9138089979271257,
    "roc_auc_weighted": 0.938591534835539,
    "pr_auc_macro": 0.7488322700756562,
    "model_key": "bert-base-uncased",
    "short_name": "BERT-Base"
  },
  "GroNLP/hateBERT": {
    "accuracy": 0.8940290478752018,
    "precision_macro": 0.7275654595379674,
    "recall_macro": 0.7545976170767151,
    "f1_macro": 0.7392946083457286,
    "precision_weighted": 0.9029285506774404,
    "recall_weighted": 0.8940290478752018,
    "f1_weighted": 0.8980874768686772,
    "f1_hate_speech": 0.39751552795031053,
    "precision_hate_speech": 0.35687732342007433,
    "recall_hate_speech": 0.4485981308411215,
    "f1_offensive_language": 0.9389044943820225,
    "precision_offensive_language": 0.949236776712815,
    "recall_offensive_language": 0.928794720389024,
    "f1_neither": 0.8814638027048528,
    "precision_neither": 0.8765822784810127,
    "recall_neither": 0.8864,
    "roc_auc_macro": 0.9311598029258229,
    "roc_auc_weighted": 0.9478569102503183,
    "pr_auc_macro": 0.7631021884701026,
    "model_key": "GroNLP/hateBERT",
    "short_name": "HateBERT"
  },
  "roberta-base": {
    "accuracy": 0.9010220548682087,
    "precision_macro": 0.741101015681386,
    "recall_macro": 0.7417083917377854,
    "f1_macro": 0.7413901759116625,
    "precision_weighted": 0.9015403494247347,
    "recall_weighted": 0.9010220548682087,
    "f1_weighted": 0.9012776933044868,
    "f1_hate_speech": 0.4027777777777778,
    "precision_hate_speech": 0.39908256880733944,
    "recall_hate_speech": 0.40654205607476634,
    "f1_offensive_language": 0.9433831191385897,
    "precision_offensive_language": 0.9433831191385897,
    "recall_offensive_language": 0.9433831191385897,
    "f1_neither": 0.8780096308186196,
    "precision_neither": 0.8808373590982287,
    "recall_neither": 0.8752,
    "roc_auc_macro": 0.9328237908637783,
    "roc_auc_weighted": 0.9495291359796012,
    "pr_auc_macro": 0.7628191373390489,
    "model_key": "roberta-base",
    "short_name": "RoBERTa-Base"
  }
}