{
  "accuracy": 0.8948359332974718,
  "precision_macro": 0.7305383730388435,
  "recall_macro": 0.7563476475368415,
  "f1_macro": 0.7415066475418387,
  "precision_weighted": 0.9037753800001228,
  "recall_weighted": 0.8948359332974718,
  "f1_weighted": 0.898906215491183,
  "f1_hate_speech": 0.40824742268041236,
  "precision_hate_speech": 0.36531365313653136,
  "recall_hate_speech": 0.46261682242990654,
  "f1_offensive_language": 0.9403717993686426,
  "precision_offensive_language": 0.9496989018774353,
  "recall_offensive_language": 0.9312261201806182,
  "f1_neither": 0.8759007205764612,
  "precision_neither": 0.8766025641025641,
  "recall_neither": 0.8752,
  "roc_auc_macro": 0.9138089979271257,
  "roc_auc_weighted": 0.938591534835539,
  "pr_auc_macro": 0.7488322700756562,
  "model_key": "bert-base-uncased",
  "short_name": "BERT-Base"
}