{
  "accuracy": 0.8999462076385153,
  "precision_macro": 0.7453529175362156,
  "recall_macro": 0.7413952984280844,
  "f1_macro": 0.7433325650656829,
  "precision_weighted": 0.8999959724220414,
  "recall_weighted": 0.8999462076385153,
  "f1_weighted": 0.8999486696044879,
  "f1_hate_speech": 0.4186046511627907,
  "precision_hate_speech": 0.4166666666666667,
  "recall_hate_speech": 0.4205607476635514,
  "f1_offensive_language": 0.9424610051993068,
  "precision_offensive_language": 0.9405050155655482,
  "recall_offensive_language": 0.9444251476207016,
  "f1_neither": 0.8689320388349514,
  "precision_neither": 0.8788870703764321,
  "recall_neither": 0.8592,
  "roc_auc_macro": 0.9196700584760548,
  "roc_auc_weighted": 0.9386655049028026,
  "pr_auc_macro": 0.7441102750932188,
  "model_key": "bert-base-uncased",
  "short_name": "BERT-Base"
}