{
  "accuracy": 0.9055944055944056,
  "precision_macro": 0.7495625853464377,
  "recall_macro": 0.7569208527969753,
  "f1_macro": 0.7530989769638303,
  "precision_weighted": 0.9076281269373242,
  "recall_weighted": 0.9055944055944056,
  "f1_weighted": 0.9065825916625359,
  "f1_hate_speech": 0.42081447963800905,
  "precision_hate_speech": 0.40789473684210525,
  "recall_hate_speech": 0.43457943925233644,
  "f1_offensive_language": 0.9456824512534819,
  "precision_offensive_language": 0.9479930191972077,
  "recall_offensive_language": 0.9433831191385897,
  "f1_neither": 0.8928,
  "precision_neither": 0.8928,
  "recall_neither": 0.8928,
  "roc_auc_macro": 0.8388301620422057,
  "roc_auc_weighted": 0.881109206931154,
  "pr_auc_macro": 0.6543602372627623,
  "strategy": "hard"
}