{
  "hard_voting": {
    "accuracy": 0.906670252824099,
    "precision_macro": 0.7481367840642199,
    "recall_macro": 0.7586366337394322,
    "f1_macro": 0.7531936968549179,
    "precision_weighted": 0.9091226441695923,
    "recall_weighted": 0.906670252824099,
    "f1_weighted": 0.9078508776519638,
    "f1_hate_speech": 0.4189189189189189,
    "precision_hate_speech": 0.4043478260869565,
    "recall_hate_speech": 0.43457943925233644,
    "f1_offensive_language": 0.947350069735007,
    "precision_offensive_language": 0.9509975498774939,
    "recall_offensive_language": 0.9437304619659604,
    "f1_neither": 0.893312101910828,
    "precision_neither": 0.8890649762282092,
    "recall_neither": 0.8976,
    "roc_auc_macro": 0.8412191104565357,
    "roc_auc_weighted": 0.8857023807604589,
    "pr_auc_macro": 0.6548536928121654,
    "strategy": "hard"
  },
  "soft_voting": {
    "accuracy": 0.9064012910166757,
    "precision_macro": 0.7465649249548424,
    "recall_macro": 0.7587492109041842,
    "f1_macro": 0.7524866970933766,
    "precision_weighted": 0.9085889661398874,
    "recall_weighted": 0.9064012910166757,
    "f1_weighted": 0.9074356158416419,
    "f1_hate_speech": 0.41723356009070295,
    "precision_hate_speech": 0.4052863436123348,
    "recall_hate_speech": 0.42990654205607476,
    "f1_offensive_language": 0.9469458987783596,
    "precision_offensive_language": 0.9515959312521922,
    "recall_offensive_language": 0.942341090656478,
    "f1_neither": 0.8932806324110671,
    "precision_neither": 0.8828125,
    "recall_neither": 0.904,
    "roc_auc_macro": 0.9372764954600422,
    "roc_auc_weighted": 0.9532884863366583,
    "pr_auc_macro": 0.7773264768715548,
    "strategy": "soft"
  }
}