{
  "accuracy": 0.9107046799354491,
  "precision_macro": 0.7655342224971449,
  "recall_macro": 0.7290310044050861,
  "f1_macro": 0.7437907604380257,
  "precision_weighted": 0.9032908592958356,
  "recall_weighted": 0.9107046799354491,
  "f1_weighted": 0.9063271423048627,
  "f1_hate_speech": 0.3956639566395664,
  "precision_hate_speech": 0.47096774193548385,
  "recall_hate_speech": 0.3411214953271028,
  "f1_offensive_language": 0.9484181568088033,
  "precision_offensive_language": 0.9390534559073885,
  "recall_offensive_language": 0.9579715178881556,
  "f1_neither": 0.8872901678657075,
  "precision_neither": 0.8865814696485623,
  "recall_neither": 0.888,
  "roc_auc_macro": 0.9379392846095888,
  "roc_auc_weighted": 0.9534927439175311,
  "pr_auc_macro": 0.7784526946054111,
  "strategy": "soft"
}