{
  "accuracy": 0.8940290478752018,
  "precision_macro": 0.7275654595379674,
  "recall_macro": 0.7545976170767151,
  "f1_macro": 0.7392946083457286,
  "precision_weighted": 0.9029285506774404,
  "recall_weighted": 0.8940290478752018,
  "f1_weighted": 0.8980874768686772,
  "f1_hate_speech": 0.39751552795031053,
  "precision_hate_speech": 0.35687732342007433,
  "recall_hate_speech": 0.4485981308411215,
  "f1_offensive_language": 0.9389044943820225,
  "precision_offensive_language": 0.949236776712815,
  "recall_offensive_language": 0.928794720389024,
  "f1_neither": 0.8814638027048528,
  "precision_neither": 0.8765822784810127,
  "recall_neither": 0.8864,
  "roc_auc_macro": 0.9311598029258229,
  "roc_auc_weighted": 0.9478569102503183,
  "pr_auc_macro": 0.7631021884701026,
  "model_key": "GroNLP/hateBERT",
  "short_name": "HateBERT"
}