{
  "accuracy": 0.9018289402904788,
  "precision_macro": 0.7430162848894204,
  "recall_macro": 0.737730180196265,
  "f1_macro": 0.7403381008613127,
  "precision_weighted": 0.90151725710962,
  "recall_weighted": 0.9018289402904788,
  "f1_weighted": 0.9016522563195918,
  "f1_hate_speech": 0.39344262295081966,
  "precision_hate_speech": 0.39436619718309857,
  "recall_hate_speech": 0.3925233644859813,
  "f1_offensive_language": 0.9431739431739432,
  "precision_offensive_language": 0.9408918078119599,
  "recall_offensive_language": 0.9454671761028135,
  "f1_neither": 0.8843977364591754,
  "precision_neither": 0.8937908496732027,
  "recall_neither": 0.8752,
  "roc_auc_macro": 0.935438142384834,
  "roc_auc_weighted": 0.9518597298164635,
  "pr_auc_macro": 0.7707977423742433,
  "model_key": "GroNLP/hateBERT",
  "short_name": "HateBERT"
}