{
  "accuracy": 0.8953738569123184,
  "precision_macro": 0.7363753954747713,
  "recall_macro": 0.772250381157355,
  "f1_macro": 0.7511792035322628,
  "precision_weighted": 0.9064948592110059,
  "recall_weighted": 0.8953738569123184,
  "f1_weighted": 0.9002753714866819,
  "f1_hate_speech": 0.436,
  "precision_hate_speech": 0.3811188811188811,
  "recall_hate_speech": 0.5093457943925234,
  "f1_offensive_language": 0.939644553932782,
  "precision_offensive_language": 0.9522111269614836,
  "recall_offensive_language": 0.9274053490795415,
  "f1_neither": 0.8778930566640064,
  "precision_neither": 0.8757961783439491,
  "recall_neither": 0.88,
  "roc_auc_macro": 0.9401892263477766,
  "roc_auc_weighted": 0.9537892981237895,
  "pr_auc_macro": 0.7738019371536295,
  "model_key": "GroNLP/hateBERT",
  "short_name": "HateBERT"
}