{
  "accuracy": 0.8851533082302313,
  "precision_macro": 0.7141561850937244,
  "recall_macro": 0.7567726099080353,
  "f1_macro": 0.7320284726002545,
  "precision_weighted": 0.898731800814323,
  "recall_weighted": 0.8851533082302313,
  "f1_weighted": 0.8910599954557671,
  "f1_hate_speech": 0.391304347826087,
  "precision_hate_speech": 0.339041095890411,
  "recall_hate_speech": 0.46261682242990654,
  "f1_offensive_language": 0.9322243850645904,
  "precision_offensive_language": 0.9502164502164502,
  "recall_offensive_language": 0.9149010072941993,
  "f1_neither": 0.872556684910086,
  "precision_neither": 0.8532110091743119,
  "recall_neither": 0.8928,
  "roc_auc_macro": 0.9249829201924463,
  "roc_auc_weighted": 0.9443446879766197,
  "pr_auc_macro": 0.7493213861872348,
  "model_key": "roberta-base",
  "short_name": "RoBERTa-Base"
}