{
  "accuracy": 0.9010220548682087,
  "precision_macro": 0.741101015681386,
  "recall_macro": 0.7417083917377854,
  "f1_macro": 0.7413901759116625,
  "precision_weighted": 0.9015403494247347,
  "recall_weighted": 0.9010220548682087,
  "f1_weighted": 0.9012776933044868,
  "f1_hate_speech": 0.4027777777777778,
  "precision_hate_speech": 0.39908256880733944,
  "recall_hate_speech": 0.40654205607476634,
  "f1_offensive_language": 0.9433831191385897,
  "precision_offensive_language": 0.9433831191385897,
  "recall_offensive_language": 0.9433831191385897,
  "f1_neither": 0.8780096308186196,
  "precision_neither": 0.8808373590982287,
  "recall_neither": 0.8752,
  "roc_auc_macro": 0.9328237908637783,
  "roc_auc_weighted": 0.9495291359796012,
  "pr_auc_macro": 0.7628191373390489,
  "model_key": "roberta-base",
  "short_name": "RoBERTa-Base"
}