{
  "bert-base-uncased": {
    "accuracy": 0.9072081764389457,
    "precision_macro": 0.7619855958504779,
    "recall_macro": 0.7840647447030218,
    "f1_macro": 0.7725723335734953,
    "precision_weighted": 0.9098740567496421,
    "recall_weighted": 0.9072081764389457,
    "f1_weighted": 0.908310003429622,
    "f1_hate_speech": 0.4852607709750567,
    "precision_hate_speech": 0.4713656387665198,
    "recall_hate_speech": 0.5,
    "f1_offensive_language": 0.9440841367221735,
    "precision_offensive_language": 0.9529370134465676,
    "recall_offensive_language": 0.9353942341090656,
    "f1_neither": 0.8883720930232558,
    "precision_neither": 0.8616541353383459,
    "recall_neither": 0.9168,
    "roc_auc_macro": 0.9402176659690852,
    "roc_auc_weighted": 0.9561584693746217,
    "pr_auc_macro": 0.7918236360917734,
    "model_key": "bert-base-uncased",
    "short_name": "BERT-Base"
  },
  "GroNLP/hateBERT": {
    "accuracy": 0.9061323292092522,
    "precision_macro": 0.7509484434192052,
    "recall_macro": 0.7783300951459652,
    "f1_macro": 0.763639017725014,
    "precision_weighted": 0.9089889033635815,
    "recall_weighted": 0.9061323292092522,
    "f1_weighted": 0.9069525461767364,
    "f1_hate_speech": 0.4583333333333333,
    "precision_hate_speech": 0.4541284403669725,
    "recall_hate_speech": 0.46261682242990654,
    "f1_offensive_language": 0.9443661971830986,
    "precision_offensive_language": 0.9575151731524456,
    "recall_offensive_language": 0.9315734630079889,
    "f1_neither": 0.8882175226586103,
    "precision_neither": 0.8412017167381974,
    "recall_neither": 0.9408,
    "roc_auc_macro": 0.9451591683228117,
    "roc_auc_weighted": 0.9601468146886469,
    "pr_auc_macro": 0.7921552487445463,
    "model_key": "GroNLP/hateBERT",
    "short_name": "HateBERT"
  },
  "roberta-base": {
    "accuracy": 0.900484131253362,
    "precision_macro": 0.7414232104931443,
    "recall_macro": 0.7966913624170733,
    "f1_macro": 0.7655997945798024,
    "precision_weighted": 0.9117375666154041,
    "recall_weighted": 0.900484131253362,
    "f1_weighted": 0.9049362839302044,
    "f1_hate_speech": 0.46435845213849286,
    "precision_hate_speech": 0.41155234657039713,
    "recall_hate_speech": 0.5327102803738317,
    "f1_offensive_language": 0.9405079026815841,
    "precision_offensive_language": 0.9622093023255814,
    "recall_offensive_language": 0.919763806877388,
    "f1_neither": 0.8919330289193302,
    "precision_neither": 0.8505079825834543,
    "recall_neither": 0.9376,
    "roc_auc_macro": 0.93744088401486,
    "roc_auc_weighted": 0.9549251141150611,
    "pr_auc_macro": 0.7809747045570209,
    "model_key": "roberta-base",
    "short_name": "RoBERTa-Base"
  }
}