{
  "accuracy": 0.9061323292092522,
  "precision_macro": 0.7509484434192052,
  "recall_macro": 0.7783300951459652,
  "f1_macro": 0.763639017725014,
  "precision_weighted": 0.9089889033635815,
  "recall_weighted": 0.9061323292092522,
  "f1_weighted": 0.9069525461767364,
  "f1_hate_speech": 0.4583333333333333,
  "precision_hate_speech": 0.4541284403669725,
  "recall_hate_speech": 0.46261682242990654,
  "f1_offensive_language": 0.9443661971830986,
  "precision_offensive_language": 0.9575151731524456,
  "recall_offensive_language": 0.9315734630079889,
  "f1_neither": 0.8882175226586103,
  "precision_neither": 0.8412017167381974,
  "recall_neither": 0.9408,
  "roc_auc_macro": 0.9451591683228117,
  "roc_auc_weighted": 0.9601468146886469,
  "pr_auc_macro": 0.7921552487445463,
  "model_key": "GroNLP/hateBERT",
  "short_name": "HateBERT"
}