{
  "accuracy": 0.900484131253362,
  "precision_macro": 0.7414232104931443,
  "recall_macro": 0.7966913624170733,
  "f1_macro": 0.7655997945798024,
  "precision_weighted": 0.9117375666154041,
  "recall_weighted": 0.900484131253362,
  "f1_weighted": 0.9049362839302044,
  "f1_hate_speech": 0.46435845213849286,
  "precision_hate_speech": 0.41155234657039713,
  "recall_hate_speech": 0.5327102803738317,
  "f1_offensive_language": 0.9405079026815841,
  "precision_offensive_language": 0.9622093023255814,
  "recall_offensive_language": 0.919763806877388,
  "f1_neither": 0.8919330289193302,
  "precision_neither": 0.8505079825834543,
  "recall_neither": 0.9376,
  "roc_auc_macro": 0.93744088401486,
  "roc_auc_weighted": 0.9549251141150611,
  "pr_auc_macro": 0.7809747045570209,
  "model_key": "roberta-base",
  "short_name": "RoBERTa-Base"
}