{
  "bert-base-uncased": {
    "accuracy": 0.899677245831092,
    "precision_macro": 0.74629884565377,
    "recall_macro": 0.7489063271579891,
    "f1_macro": 0.747472615873796,
    "precision_weighted": 0.9011663555004743,
    "recall_weighted": 0.899677245831092,
    "f1_weighted": 0.9003917703611748,
    "f1_hate_speech": 0.4318181818181818,
    "precision_hate_speech": 0.42035398230088494,
    "recall_hate_speech": 0.4439252336448598,
    "f1_offensive_language": 0.9421573736321001,
    "precision_offensive_language": 0.9423210562890897,
    "recall_offensive_language": 0.9419937478291073,
    "f1_neither": 0.8684422921711057,
    "precision_neither": 0.8762214983713354,
    "recall_neither": 0.8608,
    "roc_auc_macro": 0.9188165889524803,
    "roc_auc_weighted": 0.9382694687405798,
    "pr_auc_macro": 0.7424031573447089,
    "model_key": "bert-base-uncased",
    "short_name": "BERT-Base"
  },
  "GroNLP/hateBERT": {
    "accuracy": 0.8940290478752018,
    "precision_macro": 0.7304391975276251,
    "recall_macro": 0.7564178571003474,
    "f1_macro": 0.7411403600215599,
    "precision_weighted": 0.9039448019925475,
    "recall_weighted": 0.8940290478752018,
    "f1_weighted": 0.8985222548390135,
    "f1_hate_speech": 0.40325865580448067,
    "precision_hate_speech": 0.3574007220216607,
    "recall_hate_speech": 0.46261682242990654,
    "f1_offensive_language": 0.9391334853534468,
    "precision_offensive_language": 0.9486180014174345,
    "recall_offensive_language": 0.9298367488711358,
    "f1_neither": 0.8810289389067524,
    "precision_neither": 0.8852988691437803,
    "recall_neither": 0.8768,
    "roc_auc_macro": 0.9347138832359239,
    "roc_auc_weighted": 0.9504655984277657,
    "pr_auc_macro": 0.7712840505610518,
    "model_key": "GroNLP/hateBERT",
    "short_name": "HateBERT"
  },
  "roberta-base": {
    "accuracy": 0.8816568047337278,
    "precision_macro": 0.7104662875696176,
    "recall_macro": 0.7600105644158636,
    "f1_macro": 0.7303298701382737,
    "precision_weighted": 0.8987454311295833,
    "recall_weighted": 0.8816568047337278,
    "f1_weighted": 0.8889523868775715,
    "f1_hate_speech": 0.38857142857142857,
    "precision_hate_speech": 0.3279742765273312,
    "recall_hate_speech": 0.4766355140186916,
    "f1_offensive_language": 0.9296625222024867,
    "precision_offensive_language": 0.9512904398400581,
    "recall_offensive_language": 0.908996179228899,
    "f1_neither": 0.8727556596409055,
    "precision_neither": 0.8521341463414634,
    "recall_neither": 0.8944,
    "roc_auc_macro": 0.9232922207359354,
    "roc_auc_weighted": 0.9429043518245271,
    "pr_auc_macro": 0.750024366048859,
    "model_key": "roberta-base",
    "short_name": "RoBERTa-Base"
  }
}