{
  "accuracy": 0.8940290478752018,
  "precision_macro": 0.7304391975276251,
  "recall_macro": 0.7564178571003474,
  "f1_macro": 0.7411403600215599,
  "precision_weighted": 0.9039448019925475,
  "recall_weighted": 0.8940290478752018,
  "f1_weighted": 0.8985222548390135,
  "f1_hate_speech": 0.40325865580448067,
  "precision_hate_speech": 0.3574007220216607,
  "recall_hate_speech": 0.46261682242990654,
  "f1_offensive_language": 0.9391334853534468,
  "precision_offensive_language": 0.9486180014174345,
  "recall_offensive_language": 0.9298367488711358,
  "f1_neither": 0.8810289389067524,
  "precision_neither": 0.8852988691437803,
  "recall_neither": 0.8768,
  "roc_auc_macro": 0.9347138832359239,
  "roc_auc_weighted": 0.9504655984277657,
  "pr_auc_macro": 0.7712840505610518,
  "model_key": "GroNLP/hateBERT",
  "short_name": "HateBERT"
}