{
  "hard_voting": {
    "accuracy": 0.9120494889725659,
    "precision_macro": 0.763445449925948,
    "recall_macro": 0.7984078514627894,
    "f1_macro": 0.7798075595570455,
    "precision_weighted": 0.9167479788884499,
    "recall_weighted": 0.9120494889725659,
    "f1_weighted": 0.9138665829143187,
    "f1_hate_speech": 0.48672566371681414,
    "precision_hate_speech": 0.46218487394957986,
    "recall_hate_speech": 0.514018691588785,
    "f1_offensive_language": 0.9474982381959126,
    "precision_offensive_language": 0.9613872005720415,
    "recall_offensive_language": 0.9340048627995832,
    "f1_neither": 0.9051987767584098,
    "precision_neither": 0.8667642752562226,
    "recall_neither": 0.9472,
    "roc_auc_macro": 0.8667579879916772,
    "roc_auc_weighted": 0.9026621867808476,
    "pr_auc_macro": 0.681487205699128,
    "strategy": "hard"
  },
  "soft_voting": {
    "accuracy": 0.9112426035502958,
    "precision_macro": 0.7631092823310226,
    "recall_macro": 0.8013617639388894,
    "f1_macro": 0.7808993362353135,
    "precision_weighted": 0.9164506071062808,
    "recall_weighted": 0.9112426035502958,
    "f1_weighted": 0.9132074855671515,
    "f1_hate_speech": 0.4933920704845815,
    "precision_hate_speech": 0.4666666666666667,
    "recall_hate_speech": 0.5233644859813084,
    "f1_offensive_language": 0.9467184191954834,
    "precision_offensive_language": 0.9619935460738616,
    "recall_offensive_language": 0.9319208058353595,
    "f1_neither": 0.9025875190258752,
    "precision_neither": 0.8606676342525399,
    "recall_neither": 0.9488,
    "roc_auc_macro": 0.9480152650355581,
    "roc_auc_weighted": 0.961304680276785,
    "pr_auc_macro": 0.8011386439416027,
    "strategy": "soft"
  }
}