{
  "bert-base-uncased": {
    "accuracy": 0.900484131253362,
    "precision_macro": 0.7420545489305234,
    "recall_macro": 0.8024979320658026,
    "f1_macro": 0.7687079806731321,
    "f1_weighted": 0.9043821967683349,
    "f1_hate_speech": 0.48434237995824636,
    "f1_offensive_language": 0.9406522901443592,
    "f1_neither": 0.8811292719167905,
    "roc_auc_macro": 0.9373333951927134,
    "roc_auc_weighted": 0.9573688116464414,
    "pr_auc_macro": 0.7919538885994907,
    "model_key": "bert-base-uncased",
    "short_name": "BERT-Base"
  },
  "GroNLP/hateBERT": {
    "accuracy": 0.9020979020979021,
    "precision_macro": 0.747361423182371,
    "recall_macro": 0.7870647297705265,
    "f1_macro": 0.7656995399207469,
    "f1_weighted": 0.9043319794959326,
    "f1_hate_speech": 0.47577092511013214,
    "f1_offensive_language": 0.9415091005478,
    "f1_neither": 0.8798185941043084,
    "roc_auc_macro": 0.9411792645464138,
    "roc_auc_weighted": 0.9573160585999592,
    "pr_auc_macro": 0.7851893934667425,
    "model_key": "GroNLP/hateBERT",
    "short_name": "HateBERT"
  },
  "roberta-base": {
    "accuracy": 0.9047875201721356,
    "precision_macro": 0.7556856742149365,
    "recall_macro": 0.7871590763061335,
    "f1_macro": 0.7703910047611275,
    "f1_weighted": 0.9069761324979304,
    "f1_hate_speech": 0.4749455337690632,
    "f1_offensive_language": 0.9418175426261206,
    "f1_neither": 0.8944099378881988,
    "roc_auc_macro": 0.9410453277662284,
    "roc_auc_weighted": 0.9553050252137758,
    "pr_auc_macro": 0.7900032036869428,
    "model_key": "roberta-base",
    "short_name": "RoBERTa-Base"
  }
}