{
  "accuracy": 0.900484131253362,
  "precision_macro": 0.7420545489305234,
  "recall_macro": 0.8024979320658026,
  "f1_macro": 0.7687079806731321,
  "f1_weighted": 0.9043821967683349,
  "f1_hate_speech": 0.48434237995824636,
  "f1_offensive_language": 0.9406522901443592,
  "f1_neither": 0.8811292719167905,
  "roc_auc_macro": 0.9373333951927134,
  "roc_auc_weighted": 0.9573688116464414,
  "pr_auc_macro": 0.7919538885994907,
  "model_key": "bert-base-uncased",
  "short_name": "BERT-Base"
}