{
  "accuracy": 0.9020979020979021,
  "precision_macro": 0.747361423182371,
  "recall_macro": 0.7870647297705265,
  "f1_macro": 0.7656995399207469,
  "f1_weighted": 0.9043319794959326,
  "f1_hate_speech": 0.47577092511013214,
  "f1_offensive_language": 0.9415091005478,
  "f1_neither": 0.8798185941043084,
  "roc_auc_macro": 0.9411792645464138,
  "roc_auc_weighted": 0.9573160585999592,
  "pr_auc_macro": 0.7851893934667425,
  "model_key": "GroNLP/hateBERT",
  "short_name": "HateBERT"
}