{
  "accuracy": 0.9047875201721356,
  "precision_macro": 0.7556856742149365,
  "recall_macro": 0.7871590763061335,
  "f1_macro": 0.7703910047611275,
  "f1_weighted": 0.9069761324979304,
  "f1_hate_speech": 0.4749455337690632,
  "f1_offensive_language": 0.9418175426261206,
  "f1_neither": 0.8944099378881988,
  "roc_auc_macro": 0.9410453277662284,
  "roc_auc_weighted": 0.9553050252137758,
  "pr_auc_macro": 0.7900032036869428,
  "model_key": "roberta-base",
  "short_name": "RoBERTa-Base"
}